China,English
北京,Beijing
曼谷,Bangkok
芭提雅,Pattaya
重庆,Chongqing
福州,Fuzhou
清莱府,Chiangrai
连云港,Lianyungang
南宁,Nanning
香港,Hongkong
清迈,Chiangmai
南京,Nanjing
乌鲁木齐,Urumqi
合肥,Hefei
台北,Taibei
武汉,Wuhan
呵叻府,Nakhon Ratchasima
廊开府,Nong Khai
上海,Shanghai
五台山,Wutaishan
达拉泰,Pathum Thani
素叻坦尼,Sura Tanni
北标府,Saraburi
郑州,Zhengzhou
普吉岛,Phuket Island
甲米岛,Krabi Island
西安,Xi'an
昆明,Kunming
普吉,Phuket
普吉地区,Phuket
林查班港,Laem Chabang Port
董里,Trang
苏梅岛,Koh Samui
普吉府,Phuket
哈尔滨,Harbin
皮皮岛,Phi Phi Island
深圳,Shenzhen
乌达抛,Wuda throw
南昌,Nanchang
长沙,Changsha
贵阳,Guiyang
诗拉差,Ban Si Racha
萨差罗码头,Trat
厦门,Xiamen
攀牙府,Phangnga
沙缴府,Sa Kaeo
信武里府,Sing Buri
乍都节区,Bangkok
海口,Haikou
北标府,Saraburi
吞武里府,Thonburi
罗勇府,Rayong
成都,Chengdu
潮汕,Chaozhou
广州,Guangzhou
泰国,Bangkok
